{
  "horizon": 72,
  "rmse": 27.418359756469727,
  "mae": 20.831146240234375,
  "r2": 0.08598023653030396,
  "lookback": 72,
  "epochs_ran": 30,
  "features": 83
}