{
  "horizon": 72,
  "rmse": 24.469133976535552,
  "mae": 19.0415398904251,
  "mape": 22.385269020511007,
  "r2": 0.2813876305635562
}