{
  "horizon": 24,
  "rmse": 22.7046276902564,
  "mae": 17.298169325506645,
  "mape": 19.842928315019208,
  "r2": 0.3869355990283281
}