{
  "horizon": 48,
  "rmse": 24.02897167742662,
  "mae": 18.661438765525958,
  "mape": 21.853622658740772,
  "r2": 0.3104071224392848
}