{
  "metadata": {
    "model_name": "RF",
    "horizon_hours": 48,
    "total_features_evaluated": 20,
    "total_features_drifted": 20,
    "system_status": "CRITICAL_RETRAIN_REQUIRED"
  },
  "feature_metrics": {
    "pm25": {
      "ks_statistic": 0.12148029926990705,
      "p_value": 1.5712278171830621e-52,
      "drift_detected": true,
      "status": "Success"
    },
    "month_cos": {
      "ks_statistic": 0.13498770370455065,
      "p_value": 8.300364083605817e-65,
      "drift_detected": true,
      "status": "Success"
    },
    "pm25_roll_mean_168": {
      "ks_statistic": 0.18827430087768127,
      "p_value": 3.863279569301787e-126,
      "drift_detected": true,
      "status": "Success"
    },
    "pm25_roll_std_336": {
      "ks_statistic": 0.25264272519819414,
      "p_value": 2.901967043988635e-228,
      "drift_detected": true,
      "status": "Success"
    },
    "co": {
      "ks_statistic": 0.19518398086377248,
      "p_value": 1.288713139564037e-135,
      "drift_detected": true,
      "status": "Success"
    },
    "pm25_pm10_ratio": {
      "ks_statistic": 0.35468358982247605,
      "p_value": 0.0,
      "drift_detected": true,
      "status": "Success"
    },
    "pm25_roll_mean_24": {
      "ks_statistic": 0.14643115818468025,
      "p_value": 3.08332781805661e-76,
      "drift_detected": true,
      "status": "Success"
    },
    "aqi_lag_24": {
      "ks_statistic": 0.12285987045003721,
      "p_value": 1.0056388556783898e-53,
      "drift_detected": true,
      "status": "Success"
    },
    "pm25_roll_mean_72": {
      "ks_statistic": 0.16222834906029765,
      "p_value": 1.4171594610137758e-93,
      "drift_detected": true,
      "status": "Success"
    },
    "temperature_roll_mean_24": {
      "ks_statistic": 0.28097572459418196,
      "p_value": 3.1191665589761267e-283,
      "drift_detected": true,
      "status": "Success"
    },
    "co_roll_mean_24": {
      "ks_statistic": 0.24466449888812383,
      "p_value": 6.634858960898329e-214,
      "drift_detected": true,
      "status": "Success"
    },
    "so2_roll_mean_24": {
      "ks_statistic": 0.28146126550598294,
      "p_value": 3.1438325537624315e-284,
      "drift_detected": true,
      "status": "Success"
    },
    "wind_gusts_roll_max_24": {
      "ks_statistic": 0.12902359600840507,
      "p_value": 3.1751846277584353e-59,
      "drift_detected": true,
      "status": "Success"
    },
    "hours_since_aqi_spike": {
      "ks_statistic": 0.26005708267814465,
      "p_value": 4.783748526943742e-242,
      "drift_detected": true,
      "status": "Success"
    },
    "pressure": {
      "ks_statistic": 0.1712900037329187,
      "p_value": 2.4318223091734722e-104,
      "drift_detected": true,
      "status": "Success"
    },
    "aqi_roll_min_24": {
      "ks_statistic": 0.07791840964455374,
      "p_value": 7.916270319246531e-22,
      "drift_detected": true,
      "status": "Success"
    },
    "month_sin": {
      "ks_statistic": 0.3051326147852566,
      "p_value": 0.0,
      "drift_detected": true,
      "status": "Success"
    },
    "pm10": {
      "ks_statistic": 0.193754480843098,
      "p_value": 1.2581486968878783e-133,
      "drift_detected": true,
      "status": "Success"
    },
    "aqi_lag_72": {
      "ks_statistic": 0.12608561213994984,
      "p_value": 1.437982903713976e-56,
      "drift_detected": true,
      "status": "Success"
    },
    "aqi_persistence_ratio": {
      "ks_statistic": 0.047911726022644874,
      "p_value": 1.6228132276969405e-08,
      "drift_detected": true,
      "status": "Success"
    }
  }
}