{
  "horizon": 48,
  "rmse": 27.15552939559147,
  "mae": 21.010685840225275,
  "r2": 0.10097629474367653,
  "n_features": 30
}