{
  "horizon": 24,
  "rmse": 23.05367519792283,
  "mae": 17.382178846681057,
  "r2": 0.3502102825196658,
  "n_features": 30
}