{
  "horizon": 72,
  "rmse": 27.515662048984368,
  "mae": 21.642768116277907,
  "r2": 0.07948134875655688,
  "n_features": 30
}