{
  "horizon": 24,
  "rmse": 22.56366745857733,
  "mae": 17.172346201547445,
  "r2": 0.3945243110550952,
  "best_alpha": 1000.0
}