{
  "horizon": 48,
  "rmse": 23.325598677790268,
  "mae": 18.173959290057436,
  "r2": 0.35018759976278824,
  "best_alpha": 1000.0
}