{
  "horizon": 72,
  "rmse": 23.891222547297623,
  "mae": 18.764924867640726,
  "r2": 0.31493112224356135,
  "best_alpha": 1000.0
}